,tAtm,Prec,rSoil,rRoot,hCritA,cTop,cBot
0,1,6.363636363636363,0.0,0.0,,1.67e-09,1.67e-09
1,2,6.916666666666667,0.0,0.0,,1.67e-09,1.67e-09
2,3,6.337837837837838,0.0,0.0,,1.67e-09,1.67e-09
3,4,6.8125,0.0,0.0,,1.67e-09,1.67e-09
4,5,5.9375,0.0,0.0,,1.67e-09,1.67e-09
5,6,5.409722222222222,0.0,0.0,,1.67e-09,1.67e-09
6,7,7.006944444444445,0.0,0.0,,1.67e-09,1.67e-09
7,8,8.208333333333334,0.0,0.0,,1.67e-09,1.67e-09
8,9,8.01388888888889,0.0,0.0,,1.67e-09,1.67e-09
9,10,8.097222222222221,0.0,0.0,,1.67e-09,1.67e-09
10,11,7.9375,0.0,0.0,,1.67e-09,1.67e-09
11,12,7.694444444444445,0.0,0.0,,1.67e-09,1.67e-09
12,13,6.951388888888889,0.0,0.0,,1.67e-09,1.67e-09
13,14,7.791666666666667,0.0,0.0,,1.67e-09,1.67e-09
14,15,8.42361111111111,0.0,0.0,,1.67e-09,1.67e-09
15,16,8.243055555555555,0.0,0.0,,1.67e-09,1.67e-09
16,17,8.229166666666666,0.0,0.0,,1.67e-09,1.67e-09
17,18,8.54861111111111,0.0,0.0,,1.67e-09,1.67e-09
18,19,8.652777777777779,0.0,0.0,,1.67e-09,1.67e-09
19,20,8.20138888888889,0.0,0.0,,1.67e-09,1.67e-09
20,21,8.375,0.0,0.0,,1.67e-09,1.67e-09
21,22,8.75,0.0,0.0,,1.67e-09,1.67e-09
22,23,8.625,0.0,0.0,,1.67e-09,1.67e-09
23,24,8.38888888888889,0.0,0.0,,1.67e-09,1.67e-09
24,25,8.465277777777779,0.0,0.0,,1.67e-09,1.67e-09
25,26,8.0,0.0,0.0,,1.67e-09,1.67e-09
26,27,7.1875,0.0,0.0,,1.67e-09,1.67e-09
27,28,8.305555555555555,0.0,0.0,,1.67e-09,1.67e-09
28,29,8.694444444444445,0.0,0.0,,1.67e-09,1.67e-09
29,30,7.965277777777778,0.0,0.0,,1.67e-09,1.67e-09
30,31,8.26388888888889,0.0,0.0,,1.67e-09,1.67e-09
31,32,8.26388888888889,0.0,0.0,,1.67e-09,1.67e-09
32,33,7.736111111111111,0.0,0.0,,1.67e-09,1.67e-09
33,34,7.3125,0.0,0.0,,1.67e-09,1.67e-09
34,35,7.194444444444445,0.0,0.0,,1.67e-09,1.67e-09
35,36,7.222222222222222,0.0,0.0,,1.67e-09,1.67e-09
36,37,7.111111111111111,0.0,0.0,,1.67e-09,1.67e-09
37,38,7.645833333333333,0.0,0.0,,1.67e-09,1.67e-09
38,39,7.743055555555555,0.0,0.0,,1.67e-09,1.67e-09
39,40,7.680555555555555,0.0,0.0,,1.67e-09,1.67e-09
40,41,6.833333333333333,0.0,0.0,,1.67e-09,1.67e-09
41,42,7.3125,0.0,0.0,,1.67e-09,1.67e-09
42,43,7.604166666666667,0.0,0.0,,1.67e-09,1.67e-09
43,44,7.6875,0.0,0.0,,1.67e-09,1.67e-09
44,45,8.04861111111111,0.0,0.0,,1.67e-09,1.67e-09
45,46,8.444444444444445,0.0,0.0,,1.67e-09,1.67e-09
46,47,7.736111111111111,0.0,0.0,,1.67e-09,1.67e-09
47,48,7.426573426573427,0.0,0.0,,1.67e-09,1.67e-09
48,49,8.286713286713287,0.0,0.0,,1.67e-09,1.67e-09
49,50,8.70138888888889,0.0,0.0,,1.67e-09,1.67e-09
50,51,8.86111111111111,0.0,0.0,,1.67e-09,1.67e-09
51,52,8.840277777777779,0.0,0.0,,1.67e-09,1.67e-09
52,53,9.5625,0.0,0.0,,1.67e-09,1.67e-09
53,54,8.618055555555555,0.0,0.0,,1.67e-09,1.67e-09
54,55,7.555555555555555,0.0,0.0,,1.67e-09,1.67e-09
55,56,8.493055555555555,0.0,0.0,,1.67e-09,1.67e-09
56,57,9.604166666666666,0.0,0.0,,1.67e-09,1.67e-09
57,58,35.263888888888886,0.0,0.0,,1.67e-09,1.67e-09
58,59,30.657342657342657,0.0,0.0,,1.67e-09,1.67e-09
59,60,9.01388888888889,0.0,0.0,,1.67e-09,1.67e-09
60,61,7.465277777777778,0.0,0.0,,1.67e-09,1.67e-09
61,62,6.888888888888889,0.0,0.0,,1.67e-09,1.67e-09
62,63,7.868055555555555,0.0,0.0,,1.67e-09,1.67e-09
63,64,8.277777777777779,0.0,0.0,,1.67e-09,1.67e-09
64,65,7.465277777777778,0.0,0.0,,1.67e-09,1.67e-09
65,66,7.270833333333333,0.0,0.0,,1.67e-09,1.67e-09
66,67,7.597222222222222,0.0,0.0,,1.67e-09,1.67e-09
67,68,7.868055555555555,0.0,0.0,,1.67e-09,1.67e-09
68,69,7.1875,0.0,0.0,,1.67e-09,1.67e-09
69,70,8.069444444444445,0.0,0.0,,1.67e-09,1.67e-09
70,71,9.034722222222221,0.0,0.0,,1.67e-09,1.67e-09
71,72,8.645833333333334,0.0,0.0,,1.67e-09,1.67e-09
72,73,8.618055555555555,0.0,0.0,,1.67e-09,1.67e-09
73,74,8.791666666666666,0.0,0.0,,1.67e-09,1.67e-09
74,75,8.61111111111111,0.0,0.0,,1.67e-09,1.67e-09
75,76,8.07638888888889,0.0,0.0,,1.67e-09,1.67e-09
76,77,8.875,0.0,0.0,,1.67e-09,1.67e-09
77,78,9.1875,0.0,0.0,,1.67e-09,1.67e-09
78,79,39.986111111111114,0.0,0.0,,1.67e-09,1.67e-09
79,80,9.23611111111111,0.0,0.0,,1.67e-09,1.67e-09
80,81,8.5,0.0,0.0,,1.67e-09,1.67e-09
81,82,7.881944444444445,0.0,0.0,,1.67e-09,1.67e-09
82,83,7.284722222222222,0.0,0.0,,1.67e-09,1.67e-09
83,84,7.951048951048951,0.0,0.0,,1.67e-09,1.67e-09
84,85,7.951388888888889,0.0,0.0,,1.67e-09,1.67e-09
85,86,8.291666666666666,0.0,0.0,,1.67e-09,1.67e-09
86,87,8.256944444444445,0.0,0.0,,1.67e-09,1.67e-09
87,88,8.159722222222221,0.0,0.0,,1.67e-09,1.67e-09
88,89,7.909722222222222,0.0,0.0,,1.67e-09,1.67e-09
89,90,7.631944444444445,0.0,0.0,,1.67e-09,1.67e-09
90,91,8.041666666666666,0.0,0.0,,1.67e-09,1.67e-09
91,92,8.590277777777779,0.0,0.0,,1.67e-09,1.67e-09
92,93,9.0,0.0,0.0,,1.67e-09,1.67e-09
93,94,8.847222222222221,0.0,0.0,,1.67e-09,1.67e-09
94,95,9.17361111111111,0.0,0.0,,1.67e-09,1.67e-09
95,96,9.04861111111111,0.0,0.0,,1.67e-09,1.67e-09
96,97,8.430555555555555,0.0,0.0,,1.67e-09,1.67e-09
97,98,9.069444444444445,0.0,0.0,,1.67e-09,1.67e-09
98,99,9.42361111111111,0.0,0.0,,1.67e-09,1.67e-09
99,100,9.6875,0.0,0.0,,1.67e-09,1.67e-09
100,101,9.659722222222221,0.0,0.0,,1.67e-09,1.67e-09
101,102,9.88888888888889,0.0,0.0,,1.67e-09,1.67e-09
102,103,9.493055555555555,0.0,0.0,,1.67e-09,1.67e-09
103,104,8.79861111111111,0.0,0.0,,3.73e-09,5.33e-09
104,105,9.458333333333334,0.0,0.0,,1.67e-09,1.67e-09
105,106,10.125,0.0,0.0,,1.67e-09,1.67e-09
106,107,10.215277777777779,0.0,0.0,,1.67e-09,1.67e-09
107,108,10.284722222222221,0.0,0.0,,1.67e-09,1.67e-09
108,109,10.48611111111111,0.0,0.0,,1.67e-09,1.67e-09
109,110,9.541666666666666,0.0,0.0,,1.67e-09,1.67e-09
110,111,8.958333333333334,0.0,0.0,,1.67e-09,1.67e-09
111,112,9.833333333333334,0.0,0.0,,1.67e-09,1.67e-09
112,113,11.13888888888889,0.0,0.0,,1.67e-09,1.67e-09
113,114,10.57638888888889,0.0,0.0,,1.67e-09,1.67e-09
114,115,10.770833333333334,0.0,0.0,,1.67e-09,1.67e-09
115,116,10.88888888888889,0.0,0.0,,1.67e-09,1.67e-09
116,117,10.479166666666666,0.0,0.0,,1.67e-09,1.67e-09
117,118,10.466019417475728,0.0,0.0,,1.67e-09,1.67e-09
118,119,10.583333333333334,0.0,0.0,,1.67e-09,1.67e-09
119,120,11.444444444444445,0.0,0.0,,1.67e-09,1.67e-09
120,121,11.63888888888889,0.0,0.0,,1.67e-09,1.67e-09
121,122,11.729166666666666,0.0,0.0,,1.67e-09,1.67e-09
122,123,11.617021276595745,0.0,0.0,,1.67e-09,1.67e-09
123,124,11.235294117647058,0.0,0.0,,1.67e-09,1.67e-09
124,125,9.909722222222221,0.0,0.0,,1.67e-09,1.67e-09
125,126,12.270833333333334,0.0,0.0,,1.67e-09,1.67e-09
126,127,11.576576576576576,0.0,0.0,,1.67e-09,1.67e-09
127,128,10.972222222222221,0.0,0.0,,1.67e-09,1.67e-09
128,129,11.194444444444445,0.0,0.0,,1.67e-09,1.67e-09
129,130,11.23611111111111,0.0,0.0,,1.67e-09,1.67e-09
130,131,11.256944444444445,0.0,0.0,,1.67e-09,1.67e-09
131,132,10.958333333333334,0.0,0.0,,1.67e-09,1.67e-09
132,133,11.63888888888889,0.0,0.0,,1.67e-09,1.67e-09
133,134,12.08,0.0,0.0,,1.67e-09,1.67e-09
134,135,,0.0,0.0,,1.67e-09,1.67e-09
135,136,,0.0,0.0,,1.67e-09,1.67e-09
136,137,12.511111111111111,0.0,0.0,,1.67e-09,1.67e-09
137,138,21.146853146853147,0.0,0.0,,1.67e-09,1.67e-09
138,139,11.708333333333334,0.0,0.0,,1.67e-09,1.67e-09
139,140,12.505376344086022,0.0,0.0,,1.67e-09,1.67e-09
140,141,11.909722222222221,0.0,0.0,,1.67e-09,1.67e-09
141,142,11.868686868686869,0.0,0.0,,1.67e-09,1.67e-09
142,143,12.266129032258064,0.0,0.0,,1.67e-09,1.67e-09
143,144,12.104166666666666,0.0,0.0,,1.67e-09,1.67e-09
144,145,11.993055555555555,0.0,0.0,,1.67e-09,1.67e-09
145,146,10.395833333333334,0.0,0.0,,1.67e-09,1.67e-09
146,147,11.791666666666666,0.0,0.0,,1.67e-09,1.67e-09
147,148,18.569767441860463,0.0,0.0,,1.67e-09,1.67e-09
148,149,15.441176470588236,0.0,0.0,,1.67e-09,1.67e-09
149,150,12.693430656934307,0.0,0.0,,1.67e-09,1.67e-09
150,151,12.604166666666666,0.0,0.0,,1.67e-09,1.67e-09
151,152,12.42361111111111,0.0,0.0,,1.67e-09,1.67e-09
152,153,11.680555555555555,0.0,0.0,,1.67e-09,1.67e-09
153,154,12.1875,0.0,0.0,,1.67e-09,1.67e-09
154,155,12.42361111111111,0.0,0.0,,1.67e-09,1.67e-09
155,156,12.3125,0.0,0.0,,1.67e-09,1.67e-09
156,157,12.506944444444445,0.0,0.0,,1.67e-09,1.67e-09
157,158,12.375,0.0,0.0,,1.67e-09,1.67e-09
158,159,35.77777777777778,0.0,0.0,,1.67e-09,1.67e-09
159,160,12.895833333333334,0.0,0.0,,1.67e-09,1.67e-09
160,161,12.472222222222221,0.0,0.0,,1.67e-09,1.67e-09
161,162,12.597222222222221,0.0,0.0,,1.67e-09,1.67e-09
162,163,12.430555555555555,0.0,0.0,,1.67e-09,1.67e-09
163,164,21.493055555555557,0.0,0.0,,1.67e-09,1.67e-09
164,165,12.993055555555555,0.0,0.0,,1.67e-09,1.67e-09
165,166,12.590277777777779,0.0,0.0,,1.67e-09,1.67e-09
166,167,10.902777777777779,0.0,0.0,,1.67e-09,1.67e-09
167,168,11.055555555555555,0.0,0.0,,1.67e-09,1.67e-09
168,169,10.840277777777779,0.0,0.0,,1.67e-09,1.67e-09
169,170,11.73611111111111,0.0,0.0,,1.67e-09,1.67e-09
170,171,11.875,0.0,0.0,,1.67e-09,1.67e-09
171,172,12.319444444444445,0.0,0.0,,1.67e-09,1.67e-09
172,173,12.097222222222221,0.0,0.0,,1.67e-09,1.67e-09
173,174,11.534722222222221,0.0,0.0,,1.67e-09,1.67e-09
174,175,11.07638888888889,0.0,0.0,,1.67e-09,1.67e-09
175,176,12.215277777777779,0.0,0.0,,1.67e-09,1.67e-09
176,177,12.770833333333334,0.0,0.0,,1.67e-09,1.67e-09
177,178,12.70138888888889,0.0,0.0,,1.67e-09,1.67e-09
178,179,13.0,0.0,0.0,,1.67e-09,1.67e-09
179,180,12.319444444444445,0.0,0.0,,1.67e-09,1.67e-09
180,181,16.368055555555557,0.0,0.0,,1.67e-09,1.67e-09
181,182,13.17361111111111,0.0,0.0,,1.67e-09,1.67e-09
182,183,14.5,0.0,0.0,,1.67e-09,1.67e-09
183,184,25.11111111111111,0.0,0.0,,1.67e-09,1.67e-09
184,185,16.270833333333332,0.0,0.0,,1.67e-09,1.67e-09
185,186,22.291666666666668,0.0,0.0,,1.67e-09,1.67e-09
186,187,17.34027777777778,0.0,0.0,,1.67e-09,1.67e-09
187,188,14.222222222222221,0.0,0.0,,1.67e-09,1.67e-09
188,189,14.243055555555555,0.0,0.0,,1.67e-09,1.67e-09
189,190,14.041666666666666,0.0,0.0,,1.67e-09,1.67e-09
190,191,14.0625,0.0,0.0,,1.67e-09,1.67e-09
191,192,14.13888888888889,0.0,0.0,,1.67e-09,1.67e-09
192,193,13.993055555555555,0.0,0.0,,1.67e-09,1.67e-09
193,194,13.854166666666668,0.0,0.0,,1.67e-09,1.67e-09
194,195,13.097222222222221,0.0,0.0,,1.67e-09,1.67e-09
195,196,13.965277777777779,0.0,0.0,,1.67e-09,1.67e-09
196,197,14.756944444444445,0.0,0.0,,1.67e-09,1.67e-09
197,198,14.965277777777779,0.0,0.0,,1.67e-09,1.67e-09
198,199,14.527777777777779,0.0,0.0,,1.67e-09,1.67e-09
199,200,13.9375,0.0,0.0,,1.67e-09,1.67e-09
200,201,13.805555555555555,0.0,0.0,,1.67e-09,1.67e-09
201,202,13.965277777777779,0.0,0.0,,1.67e-09,1.67e-09
202,203,24.84722222222222,0.0,0.0,,1.67e-09,1.67e-09
203,204,36.916666666666664,0.0,0.0,,1.67e-09,1.67e-09
204,205,22.65972222222222,0.0,0.0,,1.67e-09,1.67e-09
205,206,15.180555555555555,0.0,0.0,,1.67e-09,1.67e-09
206,207,14.493055555555555,0.0,0.0,,1.67e-09,1.67e-09
207,208,13.909722222222223,0.0,0.0,,1.67e-09,1.67e-09
208,209,13.32638888888889,0.0,0.0,,1.67e-09,1.67e-09
209,210,13.25,0.0,0.0,,1.67e-09,1.67e-09
210,211,13.26027397260274,0.0,0.0,,1.67e-09,1.67e-09
211,212,13.7125,0.0,0.0,,1.67e-09,1.67e-09
212,213,13.569444444444445,0.0,0.0,,1.67e-09,1.67e-09
213,214,13.631944444444445,0.0,0.0,,1.67e-09,1.67e-09
214,215,13.416666666666666,0.0,0.0,,1.67e-09,1.67e-09
215,216,12.243055555555555,0.0,0.0,,1.67e-09,1.67e-09
216,217,13.027777777777779,0.0,0.0,,1.67e-09,1.67e-09
217,218,13.82638888888889,0.0,0.0,,1.67e-09,1.67e-09
218,219,14.0,0.0,0.0,,1.67e-09,1.67e-09
219,220,34.88194444444444,0.0,0.0,,1.67e-09,1.67e-09
220,221,16.645833333333332,0.0,0.0,,1.67e-09,1.67e-09
221,222,14.208333333333334,0.0,0.0,,1.67e-09,1.67e-09
222,223,13.152777777777779,0.0,0.0,,1.67e-09,1.67e-09
223,224,13.4375,0.0,0.0,,1.67e-09,1.67e-09
224,225,13.76388888888889,0.0,0.0,,1.67e-09,1.67e-09
225,226,13.895104895104895,0.0,0.0,,1.67e-09,1.67e-09
226,227,13.708333333333336,0.0,0.0,,1.67e-09,1.67e-09
227,228,13.23611111111111,0.0,0.0,,1.67e-09,1.67e-09
228,229,13.104166666666666,0.0,0.0,,1.67e-09,1.67e-09
229,230,11.965277777777779,0.0,0.0,,1.67e-09,1.67e-09
230,231,46.68055555555556,0.0,0.0,,1.67e-09,1.67e-09
231,232,17.27777777777778,0.0,0.0,,1.67e-09,1.67e-09
232,233,12.875,0.0,0.0,,1.67e-09,1.67e-09
233,234,11.965277777777779,0.0,0.0,,1.67e-09,1.67e-09
234,235,25.291666666666668,0.0,0.0,,1.67e-09,1.67e-09
235,236,15.131944444444445,0.0,0.0,,1.67e-09,1.67e-09
236,237,11.930555555555555,0.0,0.0,,1.67e-09,1.67e-09
237,238,11.98611111111111,0.0,0.0,,1.67e-09,1.67e-09
238,239,22.895833333333332,0.0,0.0,,1.67e-09,1.67e-09
239,240,12.458333333333334,0.0,0.0,,1.67e-09,1.67e-09
240,241,11.951048951048952,0.0,0.0,,1.67e-09,1.67e-09
241,242,11.92361111111111,0.0,0.0,,1.67e-09,1.67e-09
242,243,11.8125,0.0,0.0,,1.67e-09,1.67e-09
243,244,11.13888888888889,0.0,0.0,,1.67e-09,1.67e-09
244,245,11.493055555555555,0.0,0.0,,1.67e-09,1.67e-09
245,246,11.51388888888889,0.0,0.0,,1.67e-09,1.67e-09
246,247,12.840277777777779,0.0,0.0,,1.67e-09,1.67e-09
247,248,16.680555555555557,0.0,0.0,,1.67e-09,1.67e-09
248,249,13.069444444444445,0.0,0.0,,1.67e-09,1.67e-09
249,250,16.01388888888889,0.0,0.0,,1.67e-09,1.67e-09
250,251,12.291666666666666,0.0,0.0,,1.67e-09,1.67e-09
251,252,11.618055555555555,0.0,0.0,,1.67e-09,1.67e-09
252,253,13.756944444444445,0.0,0.0,,1.67e-09,1.67e-09
253,254,13.354166666666666,0.0,0.0,,1.67e-09,1.67e-09
254,255,12.916666666666666,0.0,0.0,,1.67e-09,1.67e-09
255,256,12.88888888888889,0.0,0.0,,1.67e-09,1.67e-09
256,257,12.4375,0.0,0.0,,1.67e-09,1.67e-09
257,258,11.777777777777779,0.0,0.0,,1.67e-09,1.67e-09
258,259,11.368055555555555,0.0,0.0,,1.67e-09,1.67e-09
259,260,12.180555555555555,0.0,0.0,,1.67e-09,1.67e-09
260,261,12.166666666666666,0.0,0.0,,1.67e-09,1.67e-09
261,262,12.520833333333334,0.0,0.0,,1.67e-09,1.67e-09
262,263,12.666666666666666,0.0,0.0,,1.67e-09,1.67e-09
263,264,12.618055555555555,0.0,0.0,,1.67e-09,1.67e-09
264,265,12.0,0.0,0.0,,1.67e-09,1.67e-09
265,266,12.82638888888889,0.0,0.0,,1.67e-09,1.67e-09
266,267,12.82638888888889,0.0,0.0,,1.67e-09,1.67e-09
267,268,12.458333333333334,0.0,0.0,,1.67e-09,1.67e-09
268,269,12.534722222222221,0.0,0.0,,1.67e-09,1.67e-09
269,270,12.13888888888889,0.0,0.0,,1.67e-09,1.67e-09
270,271,11.8125,0.0,0.0,,1.67e-09,1.67e-09
271,272,11.270833333333334,0.0,0.0,,1.67e-09,1.67e-09
272,273,11.958333333333334,0.0,0.0,,1.67e-09,1.67e-09
273,274,11.79861111111111,0.0,0.0,,1.67e-09,1.67e-09
274,275,11.75,0.0,0.0,,1.67e-09,1.67e-09
275,276,11.604166666666666,0.0,0.0,,1.67e-09,1.67e-09
276,277,11.194444444444445,0.0,0.0,,1.67e-09,1.67e-09
277,278,11.104166666666666,0.0,0.0,,1.67e-09,1.67e-09
278,279,10.208333333333334,0.0,0.0,,1.67e-09,1.67e-09
279,280,10.9375,0.0,0.0,,1.67e-09,1.67e-09
280,281,11.51048951048951,0.0,0.0,,1.67e-09,1.67e-09
281,282,10.82638888888889,0.0,0.0,,1.67e-09,1.67e-09
282,283,10.3125,0.0,0.0,,1.67e-09,1.67e-09
283,284,11.534722222222221,0.0,0.0,,1.67e-09,1.67e-09
284,285,20.52777777777778,0.0,0.0,,1.67e-09,1.67e-09
285,286,10.645833333333334,0.0,0.0,,1.67e-09,1.67e-09
286,287,10.618055555555555,0.0,0.0,,1.67e-09,1.67e-09
287,288,11.118055555555555,0.0,0.0,,1.67e-09,1.67e-09
288,289,10.770833333333334,0.0,0.0,,1.67e-09,1.67e-09
289,290,10.8125,0.0,0.0,,1.67e-09,1.67e-09
290,291,11.45138888888889,0.0,0.0,,1.67e-09,1.67e-09
291,292,11.11111111111111,0.0,0.0,,1.67e-09,1.67e-09
292,293,10.118055555555555,0.0,0.0,,1.67e-09,1.67e-09
293,294,10.805555555555555,0.0,0.0,,1.67e-09,1.67e-09
294,295,11.13888888888889,0.0,0.0,,1.67e-09,1.67e-09
295,296,10.98611111111111,0.0,0.0,,1.67e-09,1.67e-09
296,297,11.027777777777779,0.0,0.0,,1.67e-09,1.67e-09
297,298,10.340277777777779,0.0,0.0,,1.67e-09,1.67e-09
298,299,10.243055555555555,0.0,0.0,,1.67e-09,1.67e-09
299,300,10.041666666666666,0.0,0.0,,1.67e-09,1.67e-09
300,301,10.069444444444445,0.0,0.0,,1.67e-09,1.67e-09
301,302,10.493055555555555,0.0,0.0,,1.67e-09,1.67e-09
302,303,11.82638888888889,0.0,0.0,,1.67e-09,1.67e-09
303,304,12.333333333333334,0.0,0.0,,1.67e-09,1.67e-09
304,305,13.26388888888889,0.0,0.0,,1.67e-09,1.67e-09
305,306,13.277777777777779,0.0,0.0,,1.67e-09,1.67e-09
306,307,12.79861111111111,0.0,0.0,,1.67e-09,1.67e-09
307,308,15.208333333333334,0.0,0.0,,1.67e-09,1.67e-09
308,309,15.26388888888889,0.0,0.0,,1.67e-09,1.67e-09
309,310,15.402777777777779,0.0,0.0,,1.67e-09,1.67e-09
310,311,15.9375,0.0,0.0,,1.67e-09,1.67e-09
311,312,16.95138888888889,0.0,0.0,,1.67e-09,1.67e-09
312,313,16.958333333333332,0.0,0.0,,1.67e-09,1.67e-09
313,314,16.3125,0.0,0.0,,1.67e-09,1.67e-09
314,315,17.45138888888889,0.0,0.0,,1.67e-09,1.67e-09
315,316,17.28472222222222,0.0,0.0,,1.67e-09,1.67e-09
316,317,15.777777777777779,0.0,0.0,,1.67e-09,1.67e-09
317,318,14.25,0.0,0.0,,1.67e-09,1.67e-09
318,319,14.270833333333334,0.0,0.0,,1.67e-09,1.67e-09
319,320,13.909722222222223,0.0,0.0,,1.67e-09,1.67e-09
320,321,13.506944444444446,0.0,0.0,,1.67e-09,1.67e-09
321,322,14.319444444444445,0.0,0.0,,1.67e-09,1.67e-09
322,323,14.6875,0.0,0.0,,1.67e-09,1.67e-09
323,324,14.67361111111111,0.0,0.0,,1.67e-09,1.67e-09
324,325,14.756944444444445,0.0,0.0,,1.67e-09,1.67e-09
325,326,14.506944444444445,0.0,0.0,,1.67e-09,1.67e-09
326,327,14.208333333333334,0.0,0.0,,1.67e-09,1.67e-09
327,328,13.409722222222221,0.0,0.0,,1.67e-09,1.67e-09
328,329,13.95138888888889,0.0,0.0,,1.67e-09,1.67e-09
329,330,14.159722222222221,0.0,0.0,,1.67e-09,1.67e-09
330,331,13.881944444444445,0.0,0.0,,1.67e-09,1.67e-09
331,332,14.006944444444445,0.0,0.0,,1.67e-09,1.67e-09
332,333,13.659722222222221,0.0,0.0,,1.67e-09,1.67e-09
333,334,13.687500000000002,0.0,0.0,,1.67e-09,1.67e-09
334,335,12.5625,0.0,0.0,,1.67e-09,1.67e-09
335,336,13.652777777777779,0.0,0.0,,1.67e-09,1.67e-09
336,337,13.680555555555557,0.0,0.0,,1.67e-09,1.67e-09
337,338,13.479166666666666,0.0,0.0,,1.67e-09,1.67e-09
338,339,12.5,0.0,0.0,,1.67e-09,1.67e-09
339,340,12.95138888888889,0.0,0.0,,1.67e-09,1.67e-09
340,341,12.590277777777779,0.0,0.0,,1.67e-09,1.67e-09
341,342,12.29861111111111,0.0,0.0,,1.67e-09,1.67e-09
342,343,13.465277777777779,0.0,0.0,,1.67e-09,1.67e-09
343,344,13.604166666666666,0.0,0.0,,1.67e-09,1.67e-09
344,345,12.458333333333334,0.0,0.0,,1.67e-09,1.67e-09
345,346,12.847222222222221,0.0,0.0,,1.67e-09,1.67e-09
346,347,12.409722222222221,0.0,0.0,,1.67e-09,1.67e-09
347,348,12.67361111111111,0.0,0.0,,1.67e-09,1.67e-09
348,349,11.13888888888889,0.0,0.0,,1.67e-09,1.67e-09
349,350,11.694444444444445,0.0,0.0,,1.67e-09,1.67e-09
350,351,12.909722222222221,0.0,0.0,,1.67e-09,1.67e-09
351,352,11.895833333333334,0.0,0.0,,1.67e-09,1.67e-09
352,353,11.916666666666666,0.0,0.0,,1.67e-09,1.67e-09
353,354,11.881944444444445,0.0,0.0,,1.67e-09,1.67e-09
354,355,11.347222222222221,0.0,0.0,,1.67e-09,1.67e-09
355,356,8.70138888888889,0.0,0.0,,1.67e-09,1.67e-09
356,357,10.770833333333334,0.0,0.0,,1.67e-09,1.67e-09
357,358,11.243055555555555,0.0,0.0,,1.67e-09,1.67e-09
358,359,12.270833333333334,0.0,0.0,,1.67e-09,1.67e-09
359,360,18.71527777777778,0.0,0.0,,1.67e-09,1.67e-09
360,361,9.82638888888889,0.0,0.0,,1.67e-09,1.67e-09
361,362,8.180555555555555,0.0,0.0,,1.67e-09,1.67e-09
362,363,6.527777777777778,0.0,0.0,,1.67e-09,1.67e-09
363,364,7.3125,0.0,0.0,,1.67e-09,1.67e-09
364,365,7.340277777777778,0.0,0.0,,1.67e-09,1.67e-09
365,366,7.375,0.0,0.0,,1.67e-09,1.67e-09
366,367,7.993055555555555,0.0,0.0,,1.67e-09,1.67e-09
367,368,7.645833333333333,0.0,0.0,,1.67e-09,1.67e-09
368,369,7.145833333333333,0.0,0.0,,1.67e-09,1.67e-09
369,370,6.548611111111111,0.0,0.0,,1.67e-09,1.67e-09
370,371,7.340277777777778,0.0,0.0,,1.67e-09,1.67e-09
371,372,7.527777777777778,0.0,0.0,,1.67e-09,1.67e-09
372,373,7.5524475524475525,0.0,0.0,,1.67e-09,1.67e-09
373,374,7.180555555555555,0.0,0.0,,1.67e-09,1.67e-09
374,375,7.229166666666667,0.0,0.0,,1.67e-09,1.67e-09
375,376,7.104166666666667,0.0,0.0,,1.67e-09,1.67e-09
376,377,6.402777777777778,0.0,0.0,,1.67e-09,1.67e-09
377,378,7.291666666666667,0.0,0.0,,1.67e-09,1.67e-09
378,379,7.493055555555555,0.0,0.0,,1.67e-09,1.67e-09
379,380,7.631944444444445,0.0,0.0,,1.67e-09,1.67e-09
380,381,7.958333333333333,0.0,0.0,,1.67e-09,1.67e-09
381,382,8.041666666666666,0.0,0.0,,1.67e-09,1.67e-09
382,383,7.548611111111111,0.0,0.0,,1.67e-09,1.67e-09
383,384,6.708333333333333,0.0,0.0,,1.67e-09,1.67e-09
384,385,7.236111111111111,0.0,0.0,,1.67e-09,1.67e-09
385,386,7.645833333333333,0.0,0.0,,1.67e-09,1.67e-09
386,387,7.755244755244755,0.0,0.0,,1.67e-09,1.67e-09
387,388,7.388888888888889,0.0,0.0,,1.67e-09,1.67e-09
388,389,7.763888888888889,0.0,0.0,,1.67e-09,1.67e-09
389,390,7.708333333333333,0.0,0.0,,1.67e-09,1.67e-09
390,391,6.6875,0.0,0.0,,1.67e-09,1.67e-09
391,392,7.833333333333333,0.0,0.0,,1.67e-09,1.67e-09
392,393,7.701388888888889,0.0,0.0,,1.67e-09,1.67e-09
393,394,8.32638888888889,0.0,0.0,,1.67e-09,1.67e-09
394,395,8.520833333333334,0.0,0.0,,1.67e-09,1.67e-09
395,396,8.444444444444445,0.0,0.0,,1.67e-09,1.67e-09
396,397,7.465277777777778,0.0,0.0,,1.67e-09,1.67e-09
397,398,6.555555555555555,0.0,0.0,,1.67e-09,1.67e-09
398,399,7.555555555555555,0.0,0.0,,1.67e-09,1.67e-09
399,400,7.708333333333333,0.0,0.0,,1.67e-09,1.67e-09
400,401,7.590277777777778,0.0,0.0,,1.67e-09,1.67e-09
401,402,6.419580419580419,0.0,0.0,,1.67e-09,1.67e-09
402,403,7.125,0.0,0.0,,1.67e-09,1.67e-09
403,404,7.041666666666668,0.0,0.0,,1.67e-09,1.67e-09
404,405,6.548611111111111,0.0,0.0,,1.67e-09,1.67e-09
405,406,7.875,0.0,0.0,,1.67e-09,1.67e-09
406,407,7.944444444444445,0.0,0.0,,1.67e-09,1.67e-09
407,408,8.20138888888889,0.0,0.0,,1.67e-09,1.67e-09
408,409,8.38888888888889,0.0,0.0,,1.67e-09,1.67e-09
409,410,8.07638888888889,0.0,0.0,,1.67e-09,1.67e-09
410,411,7.708333333333333,0.0,0.0,,1.67e-09,1.67e-09
411,412,7.236111111111111,0.0,0.0,,1.67e-09,1.67e-09
412,413,7.986111111111111,0.0,0.0,,1.67e-09,1.67e-09
413,414,8.659722222222221,0.0,0.0,,1.67e-09,1.67e-09
414,415,8.555555555555555,0.0,0.0,,1.67e-09,1.67e-09
415,416,8.666666666666666,0.0,0.0,,1.67e-09,1.67e-09
416,417,20.84027777777778,0.0,0.0,,1.67e-09,1.67e-09
417,418,7.805555555555555,0.0,0.0,,1.67e-09,1.67e-09
418,419,6.159722222222222,0.0,0.0,,1.67e-09,1.67e-09
419,420,6.416666666666667,0.0,0.0,,1.67e-09,1.67e-09
420,421,6.597222222222222,0.0,0.0,,1.67e-09,1.67e-09
421,422,6.451388888888889,0.0,0.0,,1.67e-09,1.67e-09
422,423,6.854166666666667,0.0,0.0,,1.67e-09,1.67e-09
423,424,7.152777777777778,0.0,0.0,,1.67e-09,1.67e-09
424,425,7.0,0.0,0.0,,1.67e-09,1.67e-09
425,426,6.486111111111111,0.0,0.0,,1.67e-09,1.67e-09
426,427,6.777777777777779,0.0,0.0,,1.67e-09,1.67e-09
427,428,12.416666666666666,0.0,0.0,,1.67e-09,1.67e-09
428,429,9.270833333333334,0.0,0.0,,1.67e-09,1.67e-09
429,430,8.38888888888889,0.0,0.0,,1.67e-09,1.67e-09
430,431,8.381944444444445,0.0,0.0,,1.67e-09,1.67e-09
431,432,7.104166666666667,0.0,0.0,,1.67e-09,1.67e-09
432,433,6.805555555555555,0.0,0.0,,1.67e-09,1.67e-09
433,434,7.881944444444445,0.0,0.0,,1.67e-09,1.67e-09
434,435,8.006944444444445,0.0,0.0,,1.67e-09,1.67e-09
435,436,8.29861111111111,0.0,0.0,,1.67e-09,1.67e-09
436,437,8.305555555555555,0.0,0.0,,1.67e-09,1.67e-09
437,438,8.277777777777779,0.0,0.0,,1.67e-09,1.67e-09
438,439,8.0625,0.0,0.0,,1.67e-09,1.67e-09
439,440,7.513888888888889,0.0,0.0,,1.67e-09,1.67e-09
440,441,8.202797202797203,0.0,0.0,,1.67e-09,1.67e-09
441,442,8.527777777777779,0.0,0.0,,1.67e-09,1.67e-09
442,443,7.972222222222222,0.0,0.0,,1.67e-09,1.67e-09
443,444,8.041958041958042,0.0,0.0,,1.67e-09,1.67e-09
444,445,8.722222222222221,0.0,0.0,,1.67e-09,1.67e-09
445,446,7.659722222222222,0.0,0.0,,1.67e-09,1.67e-09
446,447,7.0625,0.0,0.0,,1.67e-09,1.67e-09
447,448,7.569444444444445,0.0,0.0,,1.67e-09,1.67e-09
448,449,8.125,0.0,0.0,,1.67e-09,1.67e-09
449,450,8.284722222222221,0.0,0.0,,1.67e-09,1.67e-09
450,451,8.784722222222221,0.0,0.0,,1.67e-09,1.67e-09
451,452,8.805555555555555,0.0,0.0,,1.67e-09,1.67e-09
452,453,8.791666666666666,0.0,0.0,,1.67e-09,1.67e-09
453,454,7.840277777777778,0.0,0.0,,1.67e-09,1.67e-09
454,455,8.083333333333334,0.0,0.0,,1.67e-09,1.67e-09
455,456,8.26388888888889,0.0,0.0,,1.67e-09,1.67e-09
456,457,8.375,0.0,0.0,,1.67e-09,1.67e-09
457,458,8.625,0.0,0.0,,1.67e-09,1.67e-09
458,459,8.17361111111111,0.0,0.0,,1.67e-09,1.67e-09
459,460,8.45138888888889,0.0,0.0,,1.67e-09,1.67e-09
460,461,8.097222222222221,0.0,0.0,,1.67e-09,1.67e-09
461,462,8.805555555555555,0.0,0.0,,1.67e-09,1.67e-09
462,463,8.958333333333334,0.0,0.0,,1.67e-09,1.67e-09
463,464,9.055555555555555,0.0,0.0,,1.67e-09,1.67e-09
464,465,9.430555555555555,0.0,0.0,,1.67e-09,1.67e-09
465,466,9.631944444444445,0.0,0.0,,1.67e-09,1.67e-09
466,467,9.541666666666666,0.0,0.0,,1.67e-09,1.67e-09
467,468,8.652777777777779,0.0,0.0,,1.67e-09,1.67e-09
468,469,9.04861111111111,0.0,0.0,,1.67e-09,1.67e-09
469,470,9.57638888888889,0.0,0.0,,1.67e-09,1.67e-09
470,471,11.63888888888889,0.0,0.0,,1.67e-09,1.67e-09
471,472,10.833333333333334,0.0,0.0,,1.67e-09,1.67e-09
472,473,9.402777777777779,0.0,0.0,,1.67e-09,1.67e-09
473,474,9.097222222222221,0.0,0.0,,1.67e-09,1.67e-09
474,475,8.5,0.0,0.0,,1.67e-09,1.67e-09
475,476,8.708333333333334,0.0,0.0,,1.67e-09,1.67e-09
476,477,8.95138888888889,0.0,0.0,,1.67e-09,1.67e-09
477,478,9.76388888888889,0.0,0.0,,1.67e-09,1.67e-09
478,479,11.034722222222221,0.0,0.0,,1.67e-09,1.67e-09
479,480,11.45138888888889,0.0,0.0,,1.67e-09,1.67e-09
480,481,9.895833333333334,0.0,0.0,,1.67e-09,1.67e-09
481,482,9.458333333333334,0.0,0.0,,1.67e-09,1.67e-09
482,483,10.04861111111111,0.0,0.0,,1.67e-09,1.67e-09
483,484,10.909722222222221,0.0,0.0,,1.67e-09,1.67e-09
484,485,11.04861111111111,0.0,0.0,,1.67e-09,1.67e-09
485,486,11.166666666666666,0.0,0.0,,1.67e-09,1.67e-09
486,487,11.055555555555555,0.0,0.0,,1.67e-09,1.67e-09
487,488,10.454545454545455,0.0,0.0,,1.67e-09,1.67e-09
488,489,9.645833333333334,0.0,0.0,,1.67e-09,1.67e-09
489,490,9.777777777777779,0.0,0.0,,1.67e-09,1.67e-09
490,491,11.125,0.0,0.0,,1.67e-09,1.67e-09
491,492,13.229166666666666,0.0,0.0,,1.67e-09,1.67e-09
492,493,9.993055555555555,0.0,0.0,,1.67e-09,1.67e-09
493,494,16.75,0.0,0.0,,1.67e-09,1.67e-09
494,495,15.604166666666666,0.0,0.0,,1.67e-09,1.67e-09
495,496,9.319444444444445,0.0,0.0,,1.67e-09,1.67e-09
496,497,9.458333333333334,0.0,0.0,,1.67e-09,1.67e-09
497,498,9.92361111111111,0.0,0.0,,1.67e-09,1.67e-09
498,499,9.73611111111111,0.0,0.0,,1.67e-09,1.67e-09
499,500,9.090277777777779,0.0,0.0,,1.67e-09,1.67e-09
500,501,9.319444444444445,0.0,0.0,,1.67e-09,1.67e-09
501,502,9.13888888888889,0.0,0.0,,1.67e-09,1.67e-09
502,503,8.9375,0.0,0.0,,1.67e-09,1.67e-09
503,504,9.76388888888889,0.0,0.0,,1.67e-09,1.67e-09
504,505,10.368055555555555,0.0,0.0,,1.67e-09,1.67e-09
505,506,9.902777777777779,0.0,0.0,,1.67e-09,1.67e-09
506,507,10.368055555555555,0.0,0.0,,1.67e-09,1.67e-09
507,508,10.090277777777779,0.0,0.0,,1.67e-09,1.67e-09
508,509,19.38888888888889,0.0,0.0,,1.67e-09,1.67e-09
509,510,21.63888888888889,0.0,0.0,,1.67e-09,1.67e-09
510,511,12.13888888888889,0.0,0.0,,1.67e-09,1.67e-09
511,512,10.069444444444445,0.0,0.0,,1.67e-09,1.67e-09
512,513,10.07638888888889,0.0,0.0,,1.67e-09,1.67e-09
513,514,9.944444444444445,0.0,0.0,,1.67e-09,1.67e-09
514,515,33.71900826446281,0.0,0.0,,1.67e-09,1.67e-09
